Longitud de onda;M15;M210;M38
190;622.957;625.901;625.901
190.5;629.129;632.613;632.613
191;635.332;638.934;638.934
191.5;640.648;643.947;643.947
192;644.802;647.375;647.375
192.5;648.647;650.072;650.072
193;652.55;652.407;652.407
193.5;655.376;654.349;654.349
194;656.326;656.326;656.326
194.5;657.99;657.99;657.99
195;660.093;660.093;660.093
195.5;661.85;661.85;661.85
196;662.971;662.971;662.971
196.5;663.331;663.331;663.331
197;662.694;662.694;662.694
197.5;661.112;661.112;661.112
198;658.967;658.967;658.967
198.5;657.16;657.16;657.16
199;656.067;656.067;656.067
199.5;655.401;655.401;655.401
200;656.646;656.646;656.646
200.5;659.755;659.755;659.755
201;664.308;664.308;664.308
201.5;669.936;669.936;669.936
202;676.327;676.327;676.327
202.5;682.766;682.766;682.766
203;689.012;689.012;689.012
203.5;695.143;695.143;695.143
204;700.339;700.339;700.339
204.5;703.831;703.831;703.831
205;705.703;705.703;705.703
205.5;705.904;705.904;705.904
206;704.579;704.579;704.579
206.5;701.95;701.95;701.95
207;698.041;698.041;698.041
207.5;692.704;692.704;692.704
208;686.941;686.941;686.941
208.5;682.136;682.136;682.136
209;678.439;678.439;678.439
209.5;675.907;675.907;675.907
210;674.378;674.378;674.378
210.5;674.346;674.346;674.346
211;676.149;676.149;676.149
211.5;678.812;678.812;678.812
212;681.565;681.565;681.565
212.5;683.84;683.84;683.84
213;685.903;685.903;685.903
213.5;687.925;687.925;687.925
214;690.327;690.327;690.327
214.5;692.933;692.933;692.933
215;695.882;695.882;695.882
215.5;698.971;698.971;698.971
216;702.333;702.333;702.333
216.5;705.633;705.633;705.633
217;709.17;709.17;709.17
217.5;712.455;712.455;712.455
218;715.794;715.794;715.794
218.5;719.23;719.23;719.23
219;724.079;724.079;724.079
219.5;730.057;730.057;730.057
220;736.976;736.976;736.976
220.5;743.82;743.82;743.82
221;750.553;750.553;750.553
221.5;756.846;756.846;756.846
222;762.595;762.595;762.595
222.5;767.04;767.04;767.04
223;770.446;770.446;770.446
223.5;774.18;774.18;774.18
224;779.726;779.853;779.726
224.5;786.976;789.548;786.976
225;796.226;800.496;796.228
225.5;808.336;813.35;811.345
226;826.684;824.44;832.263
226.5;853.471;834.96;856.744
227;887.785;849.525;882.453
227.5;924.539;858.976;901.885
228;959.046;861.878;916.555
228.5;987.473;859.058;923.085
229;1007.317;854.295;918.265
229.5;1015.949;846.282;908.784
230;1012.243;833.097;895.375
230.5;998.128;817.475;879.106
231;978.378;799.469;861.469
231.5;959.689;783.407;847.966
232;944.486;769.256;834.59
232.5;932.878;751.467;818.921
233;924.249;732.681;802.193
233.5;919.346;717.276;786.059
234;918.039;703.458;767.978
234.5;919.022;692.489;756.545
235;918.788;681.145;743.204
235.5;915.52;671.88;727.951
236;909.679;663.159;713.688
236.5;903.644;653.587;705.306
237;897.45;642.357;693.433
237.5;891.215;631.696;682.09
238;885.139;620.524;670.282
238.5;881.726;611.508;660.061
239;881.167;601.091;651.418
239.5;883.887;593.811;643.84
240;887.615;585.396;637.11
240.5;895.087;577.901;629.138
241;900.456;570.359;621.67
241.5;906.3;564.332;616.032
242;906.437;558.989;608.085
242.5;902.41;554.238;600.89
243;891.833;548.539;594.725
243.5;879.313;544.562;588.547
244;866.727;539.901;584.965
244.5;853.153;535.717;579.902
245;841.217;531.263;574.524
245.5;838.342;526.05;569.116
246;837.017;521.104;564.513
246.5;838.602;517.638;561.088
247;839.903;515.431;558.292
247.5;843.315;512.937;555.723
248;840.261;512.286;554.477
248.5;838.295;512.752;554.847
249;831.21;512.741;555.373
249.5;818.21;512.849;554.901
250;816.612;512.828;554.523
250.5;818.699;512.122;553.916
251;819.609;511.411;553.518
251.5;820.146;511.255;554.06
252;820.215;510.53;553.497
252.5;823.532;510.395;553.429
253;825.621;510.757;553.343
253.5;828.545;510.748;554.277
254;823.401;511.661;554.191
254.5;813.022;513.516;554.636
255;815.256;515.1;554.231
255.5;811.332;516.331;553.627
256;808.466;517.785;554.411
256.5;812.415;517.987;554.815
257;809.665;517.785;555.099
257.5;812.037;517.627;556.036
258;816.266;516.409;556.255
258.5;820.358;515.48;557.085
259;819.029;515.657;557.605
259.5;814.054;515.894;558.185
260;819.937;516.632;558.267
260.5;822.872;517.844;559.319
261;832.059;518.927;561.356
261.5;843.432;518.79;561.265
262;845.332;518.025;559.775
262.5;841.732;517.394;559.703
263;832.987;517.606;559.134
263.5;824.224;517.436;558.172
264;813.983;518.017;555.918
264.5;806.966;517.475;553.411
265;804.194;517.849;552.964
265.5;802.949;517.093;552.853
266;808.539;515.513;552.856
266.5;818.654;513.525;550.655
267;825.261;510.41;548.42
267.5;828.368;507.179;548.244
268;821.403;504.848;546.41
268.5;812.799;503.242;543.896
269;802.283;502.353;541.472
269.5;792.055;500.49;538.736
270;786.253;499.398;537.108
270.5;784.252;497.4;535.884
271;785.213;495.688;534.211
271.5;793.644;494.321;532.176
272;794.731;492.114;530.445
272.5;799.19;488.32;528.009
273;786.433;485.398;524.589
273.5;775.021;482.496;521.052
274;763.342;479.727;518.318
274.5;757.073;476.181;514.56
275;754.241;472.956;510.73
275.5;746.812;468.953;507.065
276;740.369;465.446;503.057
276.5;738.813;462.282;499.139
277;731.009;459.547;496.256
277.5;729.325;455.787;492.763
278;720.408;452.554;488.379
278.5;718.401;448.913;484.128
279;712.793;445.538;481.283
279.5;709.765;441.848;478.189
280;707.087;438.222;474.279
280.5;699.924;434.134;469.612
281;694.876;430.857;465.179
281.5;691.612;427.645;461.459
282;686.82;424.356;458.125
282.5;681.436;420.494;453.54
283;676.199;416.976;449.042
283.5;670.943;412.969;444.756
284;661.741;408.793;440.719
284.5;654.931;405.028;436.34
285;648.897;400.936;431.819
285.5;641.408;397.026;427.428
286;636.653;393.401;423.82
286.5;633.788;390.054;420.349
287;630.126;386.206;416.721
287.5;624.613;382.482;412.847
288;619.181;379.104;409.186
288.5;613.233;374.951;404.941
289;606.109;370.754;400.331
289.5;598.253;366.661;395.478
290;590.112;362.314;391.071
290.5;582.332;358.638;387.054
291;576.738;355.127;382.962
291.5;571.61;351.933;379.132
292;567.478;348.509;375.903
292.5;562.124;344.929;371.885
293;555.889;341.077;367.574
293.5;549.789;336.571;363.053
294;542.791;332.138;358.209
294.5;535.626;327.681;353.415
295;527.686;323.047;348.667
295.5;519.355;318.745;343.835
296;512.484;314.368;338.866
296.5;505.827;310.266;334.547
297;499.609;306.339;330.16
297.5;493.2;302.157;325.449
298;487.049;298.096;320.993
298.5;480.186;293.966;316.597
299;472.953;289.861;312.169
299.5;466.285;285.508;307.837
300;458.947;281.068;303.405
300.5;451.583;276.346;298.579
301;444.375;271.952;293.828
301.5;437.143;267.517;288.984
302;429.972;263.201;284.19
302.5;422.72;259.045;279.354
303;415.622;254.843;274.66
303.5;408.398;250.583;270.11
304;401.367;246.267;265.534
304.5;394.391;241.781;261.085
305;386.948;237.218;256.41
305.5;379.693;232.634;251.739
306;372.983;228.422;247.247
306.5;366.312;224.151;242.559
307;359.356;219.872;237.766
307.5;352.007;215.655;232.829
308;344.893;211.452;228.048
308.5;337.989;207.179;223.361
309;331.294;202.875;218.797
309.5;324.531;198.585;214.43
310;317.763;194.292;209.965
310.5;311.48;190.2;205.709
311;305.313;186.366;201.731
311.5;299.196;182.76;197.805
312;293.392;179.323;193.843
312.5;287.651;176.051;190.049
313;281.954;172.885;186.309
313.5;276.376;169.644;182.571
314;270.938;166.375;178.982
314.5;265.732;163.148;175.457
315;260.179;159.866;171.93
315.5;254.789;156.663;168.469
316;249.246;153.559;165.242
316.5;244.166;150.685;162.066
317;239.444;147.906;158.938
317.5;234.748;145.036;155.85
318;230.135;142.22;152.764
318.5;225.905;139.319;149.762
319;221.905;136.64;147.04
319.5;218.155;134.164;144.413
320;214.324;131.86;141.964
320.5;210.562;129.861;139.678
321;206.949;127.762;137.488
321.5;203.45;125.755;135.172
322;199.92;123.662;132.776
322.5;196.452;121.48;130.387
323;193.171;119.393;128.188
323.5;190.126;117.344;126.081
324;187.334;115.443;124.028
324.5;184.596;113.742;122.212
325;182.017;112.235;120.53
325.5;179.511;110.777;119.075
326;177.017;109.267;117.615
326.5;174.644;107.854;116.15
327;172.353;106.365;114.615
327.5;170.184;104.96;113.249
328;168.03;103.622;112.008
328.5;166.06;102.34;110.677
329;164.25;101.085;109.249
329.5;162.327;99.933;107.968
330;160.409;98.95;106.543
330.5;158.521;97.913;105.303
331;156.536;96.878;103.975
331.5;154.601;95.696;102.706
332;152.762;94.468;101.402
332.5;151.024;93.33;100.251
333;149.379;92.294;99.233
333.5;147.893;91.206;98.093
334;146.449;90.071;96.978
334.5;145.076;89.057;96.062
335;143.673;88.155;95.12
335.5;142.266;87.158;94.264
336;140.759;86.197;93.419
336.5;139.241;85.263;92.588
337;137.87;84.494;91.717
337.5;136.537;83.814;90.864
338;135.186;83.055;89.926
338.5;134.073;82.367;89.051
339;133.052;81.682;88.229
339.5;132.044;81.009;87.545
340;131.005;80.24;86.904
340.5;129.894;79.396;86.12
341;128.819;78.703;85.392
341.5;127.773;77.966;84.584
342;126.639;77.248;83.75
342.5;125.557;76.608;83.009
343;124.44;75.815;82.225
343.5;123.525;75.294;81.717
344;122.489;74.691;81.032
344.5;121.395;74.013;80.429
345;120.434;73.468;79.932
345.5;119.45;72.885;79.182
346;118.528;72.294;78.435
346.5;117.666;71.725;77.674
347;116.618;71.127;76.905
347.5;115.607;70.622;76.214
348;114.6;69.969;75.56
348.5;113.64;69.382;74.964
349;112.667;68.675;74.348
349.5;111.821;68.023;73.926
350;110.868;67.327;73.394
350.5;109.941;66.72;72.766
351;109.089;66.107;72.116
351.5;108.128;65.556;71.47
352;107.159;65.011;70.821
352.5;106.236;64.533;70.1
353;105.296;63.998;69.359
353.5;104.356;63.429;68.65
354;103.518;62.731;68.025
354.5;102.698;62.149;67.544
355;101.71;61.53;66.906
355.5;100.926;60.99;66.424
356;100.191;60.506;65.926
356.5;99.339;60.01;65.449
357;98.527;59.526;64.959
357.5;97.724;59.003;64.338
358;96.781;58.488;63.668
358.5;95.92;57.89;63.024
359;95.023;57.248;62.423
359.5;94.068;56.768;61.9
360;93.077;56.136;61.158
360.5;92.045;55.415;60.57
361;91.095;54.869;59.998
361.5;90.135;54.245;59.386
362;89.296;53.664;58.756
362.5;88.554;53.183;58.18
363;87.878;52.81;57.654
363.5;87.3;52.396;57.231
364;86.572;52.059;56.85
364.5;85.812;51.667;56.345
365;84.957;51.097;55.697
365.5;84.004;50.447;55.081
366;83.129;49.815;54.528
366.5;82.088;49.162;53.893
367;81.122;48.536;53.187
367.5;80.287;48.007;52.548
368;79.529;47.54;51.995
368.5;78.73;47.113;51.616
369;77.829;46.748;51.155
369.5;76.944;46.278;50.465
370;76.02;45.731;49.783
370.5;75.143;45.115;49.074
371;74.328;44.517;48.531
371.5;73.292;43.858;47.914
372;72.349;43.032;47.147
372.5;71.396;42.246;46.333
373;70.394;41.596;45.684
373.5;69.41;40.994;45.22
374;68.363;40.432;44.602
374.5;67.401;39.941;43.923
375;66.394;39.446;43.264
375.5;65.451;38.9;42.57
376;64.566;38.335;41.98
376.5;63.704;37.752;41.334
377;62.749;37.061;40.508
377.5;61.834;36.505;39.823
378;60.878;36.004;39.194
378.5;59.999;35.492;38.673
379;59.188;35.057;38.253
379.5;58.438;34.67;37.78
380;57.614;34.169;37.315
380.5;56.669;33.515;36.704
381;55.728;32.89;36.11
381.5;54.785;32.27;35.422
382;53.658;31.55;34.609
382.5;52.616;30.928;33.912
383;51.39;30.249;33.125
383.5;50.329;29.617;32.315
384;49.366;29.062;31.754
384.5;48.485;28.546;31.151
385;47.681;27.906;30.591
385.5;46.786;27.332;29.97
386;46.03;26.837;29.459
386.5;45.167;26.278;28.914
387;44.143;25.667;28.357
387.5;43.156;25.027;27.721
388;42.081;24.384;26.97
388.5;41.197;23.833;26.264
389;40.343;23.376;25.765
389.5;39.573;23.015;25.292
390;38.836;22.557;24.752
390.5;38.009;22.106;24.154
391;37.314;21.619;23.689
391.5;36.443;21.168;23.248
392;35.561;20.728;22.771
392.5;34.7;20.178;22.145
393;33.806;19.63;21.464
393.5;33.061;19.115;20.877
394;32.306;18.626;20.32
394.5;31.482;18.127;19.792
395;30.713;17.573;19.312
395.5;29.887;17.002;18.815
396;29.169;16.526;18.436
396.5;28.494;16.185;18.097
397;27.859;15.878;17.708
397.5;27.128;15.418;17.203
398;26.456;15.042;16.7
398.5;25.906;14.714;16.306
399;25.352;14.36;15.929
399.5;24.796;14.034;15.634
400;24.233;13.752;15.375
400.5;23.558;13.416;15.02
401;22.921;13.073;14.621
401.5;22.289;12.702;14.228
402;21.68;12.334;13.792
402.5;21.015;11.857;13.267
403;20.351;11.415;12.706
403.5;19.825;11.078;12.344
404;19.372;10.786;12.047
404.5;18.949;10.563;11.856
405;18.516;10.415;11.672
405.5;17.995;10.197;11.399
406;17.499;10.008;11.18
406.5;17.032;9.798;10.952
407;16.658;9.589;10.692
407.5;16.284;9.333;10.419
408;15.846;9.062;10.053
408.5;15.484;8.822;9.815
409;15.18;8.598;9.601
409.5;14.805;8.336;9.316
410;14.374;8.113;9.02
410.5;13.888;7.817;8.668
411;13.384;7.58;8.411
411.5;12.997;7.382;8.144
412;12.677;7.204;7.919
412.5;12.403;7.076;7.787
413;12.159;6.956;7.633
413.5;11.93;6.833;7.583
414;11.789;6.684;7.526
414.5;11.517;6.487;7.36
415;11.205;6.259;7.201
415.5;10.845;5.933;6.945
416;10.416;5.605;6.675
416.5;10.162;5.43;6.431
417;9.9;5.274;6.241
417.5;9.663;5.164;6.018
418;9.484;5.172;5.871
418.5;9.329;5.245;5.83
419;9.309;5.331;5.833
419.5;9.236;5.483;5.884
420;9.12;5.552;5.929
420.5;8.868;5.392;5.761
421;8.527;5.075;5.472
421.5;8.282;4.849;5.265
422;8.015;4.56;5.095
422.5;7.773;4.32;4.923
423;7.563;4.18;4.863
423.5;7.364;4.048;4.79
424;7.236;3.915;4.69
424.5;7.137;3.916;4.687
425;6.974;3.913;4.615
425.5;6.791;3.74;4.438
426;6.607;3.644;4.285
426.5;6.489;3.63;4.247
427;6.461;3.65;4.247
427.5;6.435;3.716;4.262
428;6.375;3.72;4.311
428.5;6.233;3.671;4.234
429;6.019;3.522;4.085
429.5;5.81;3.406;3.989
430;5.585;3.31;3.777
430.5;5.44;3.165;3.637
431;5.305;3.072;3.492
431.5;5.164;2.977;3.358
432;5.159;2.96;3.293
432.5;5.198;2.984;3.244
433;5.238;3.056;3.322
433.5;5.175;3.049;3.257
434;5.094;3.041;3.248
434.5;5.071;3.068;3.291
435;5.113;3.137;3.269
435.5;5.117;3.114;3.266
436;4.991;2.941;3.164
436.5;4.873;2.848;3.055
437;4.726;2.68;2.923
437.5;4.594;2.554;2.877
438;4.502;2.5;2.86
438.5;4.356;2.404;2.791
439;4.225;2.328;2.827
439.5;4.152;2.296;2.874
440;4.138;2.299;2.871
440.5;4.075;2.269;2.843
441;3.917;2.182;2.771
441.5;3.893;2.293;2.728
442;3.909;2.387;2.678
442.5;4.016;2.512;2.707
443;4.137;2.608;2.731
443.5;4.156;2.687;2.777
444;4.073;2.606;2.747
444.5;4.046;2.55;2.743
445;3.965;2.471;2.674
445.5;3.806;2.315;2.534
446;3.651;2.204;2.402
446.5;3.608;2.232;2.361
447;3.659;2.307;2.379
447.5;3.769;2.422;2.477
448;3.835;2.504;2.632
448.5;3.938;2.661;2.817
449;4.041;2.779;2.93
449.5;4.176;2.876;3.023
450;4.207;2.909;3.027
450.5;4.116;2.801;2.949
451;4.011;2.714;2.85
451.5;3.906;2.594;2.726
452;3.801;2.447;2.644
452.5;3.681;2.407;2.599
453;3.48;2.284;2.519
453.5;3.358;2.197;2.427
454;3.324;2.171;2.355
454.5;3.261;2.106;2.198
455;3.228;2.109;2.159
455.5;3.247;2.103;2.1
456;3.167;2.027;2.011
456.5;3.161;1.969;1.938
457;3.201;1.996;1.976
457.5;3.192;2.023;2.058
458;3.114;1.924;2.091
458.5;3.111;1.835;2.096
459;3.181;1.804;2.091
459.5;3.172;1.799;2.085
460;3.165;1.847;2.144
460.5;3.126;1.836;2.125
461;2.949;1.773;2.031
461.5;2.777;1.681;1.961
462;2.727;1.712;1.986
462.5;2.67;1.703;2.061
463;2.654;1.643;2.121
463.5;2.66;1.595;2.087
464;2.688;1.565;2.045
464.5;2.687;1.56;1.984
465;2.716;1.611;1.935
465.5;2.709;1.638;1.937
466;2.589;1.543;1.788
466.5;2.455;1.45;1.673
467;2.447;1.471;1.629
467.5;2.408;1.513;1.657
468;2.503;1.622;1.816
468.5;2.553;1.716;1.915
469;2.654;1.851;2.089
469.5;2.707;1.872;2.107
470;2.755;1.843;2.053
470.5;2.764;1.774;2.002
471;2.716;1.637;1.874
471.5;2.707;1.564;1.759
472;2.722;1.572;1.68
472.5;2.66;1.591;1.656
473;2.651;1.625;1.716
473.5;2.576;1.631;1.698
474;2.487;1.61;1.691
474.5;2.272;1.512;1.595
475;2.082;1.341;1.537
475.5;2.011;1.242;1.481
476;1.995;1.247;1.483
476.5;2.035;1.269;1.528
477;2.032;1.295;1.564
477.5;2.104;1.418;1.691
478;2.148;1.488;1.759
478.5;2.232;1.559;1.822
479;2.312;1.67;1.834
479.5;2.403;1.784;1.862
480;2.582;1.904;2.02
480.5;2.826;2.058;2.133
481;3.019;2.209;2.167
481.5;3.05;2.152;2.066
482;2.897;1.937;1.82
482.5;2.658;1.7;1.53
483;2.37;1.374;1.18
483.5;2.023;1.015;0.911
484;1.785;0.777;0.717
484.5;1.608;0.633;0.618
485;1.592;0.652;0.736
485.5;1.705;0.857;0.949
486;1.836;1.044;1.131
486.5;1.88;1.153;1.27
487;1.845;1.18;1.278
487.5;1.729;1.152;1.232
488;1.665;1.156;1.239
488.5;1.591;1.119;1.283
489;1.702;1.179;1.369
489.5;1.868;1.317;1.54
490;2.058;1.483;1.644
490.5;2.251;1.62;1.737
491;2.307;1.576;1.697
491.5;2.213;1.443;1.598
492;2.07;1.251;1.375
492.5;1.851;1.025;1.189
493;1.733;0.932;1.153
493.5;1.768;0.966;1.21
494;1.957;1.096;1.34
494.5;2.068;1.244;1.483
495;2.145;1.372;1.529
495.5;2.136;1.367;1.514
496;1.986;1.28;1.403
496.5;1.786;1.127;1.273
497;1.55;0.926;1.037
497.5;1.42;0.815;0.851
498;1.44;0.809;0.863
498.5;1.651;0.959;1
499;1.821;1.016;1.11
499.5;1.854;1.005;1.077
500;1.894;1.001;1.073
500.5;1.836;0.906;1.002
501;1.741;0.874;0.974
501.5;1.664;0.842;1.049
502;1.502;0.752;0.98
502.5;1.535;0.84;1.033
503;1.638;0.941;1.217
503.5;1.797;1.092;1.418
504;1.883;1.175;1.614
504.5;1.963;1.292;1.687
505;2.074;1.379;1.716
505.5;2.012;1.373;1.606
506;1.913;1.351;1.434
506.5;1.724;1.223;1.264
507;1.488;1.036;1.04
507.5;1.333;0.915;0.808
508;1.152;0.727;0.532
508.5;1.027;0.623;0.357
509;1.056;0.639;0.4
509.5;1.262;0.821;0.65
510;1.437;0.942;0.795
510.5;1.595;1.023;0.898
511;1.843;1.178;1.129
511.5;2.01;1.318;1.382
512;2.066;1.387;1.572
512.5;2.11;1.469;1.723
513;1.958;1.412;1.665
513.5;1.741;1.327;1.54
514;1.732;1.45;1.61
514.5;1.744;1.48;1.673
515;1.74;1.465;1.528
515.5;1.838;1.424;1.436
516;1.919;1.39;1.392
516.5;1.992;1.406;1.375
517;2.061;1.379;1.338
517.5;2.157;1.481;1.43
518;2.133;1.504;1.414
518.5;2.001;1.483;1.307
519;2.008;1.605;1.416
519.5;2.006;1.635;1.476
520;1.974;1.667;1.507
520.5;1.846;1.605;1.519
521;1.648;1.327;1.413
521.5;1.559;1.142;1.305
522;1.484;0.925;1.139
522.5;1.407;0.713;0.883
523;1.311;0.532;0.644
523.5;1.147;0.313;0.416
524;1.149;0.3;0.353
524.5;1.241;0.384;0.425
525;1.255;0.51;0.528
525.5;1.3;0.642;0.651
526;1.421;0.719;0.753
526.5;1.568;0.864;0.9
527;1.563;0.856;0.901
527.5;1.509;0.756;0.76
528;1.302;0.59;0.604
528.5;1.059;0.428;0.479
529;0.896;0.43;0.412
529.5;0.861;0.471;0.48
530;0.823;0.506;0.559
530.5;0.892;0.661;0.68
531;1.131;0.861;0.87
531.5;1.401;1.069;1.036
532;1.509;1.15;1.113
532.5;1.629;1.204;1.213
533;1.679;1.191;1.264
533.5;1.653;1.131;1.277
534;1.59;1.077;1.224
534.5;1.553;0.96;1.153
535;1.572;0.886;1.111
535.5;1.622;0.889;1.061
536;1.72;0.946;1.037
536.5;1.826;1.147;1.085
537;1.816;1.302;1.182
537.5;1.734;1.413;1.289
538;1.561;1.384;1.23
538.5;1.323;1.285;1.096
539;1.069;1.058;0.931
539.5;0.9;0.823;0.718
540;0.734;0.59;0.535
540.5;0.658;0.429;0.413
541;0.642;0.349;0.379
541.5;0.717;0.416;0.477
542;0.799;0.49;0.573
542.5;0.834;0.5;0.584
543;0.877;0.53;0.488
543.5;1.015;0.652;0.535
544;1.217;0.784;0.61
544.5;1.406;0.974;0.712
545;1.634;1.219;0.922
545.5;1.758;1.348;1.016
546;1.772;1.322;0.997
546.5;1.593;1.116;0.874
547;1.322;0.815;0.7
547.5;1.013;0.537;0.473
548;0.78;0.334;0.28
548.5;0.604;0.165;0.174
549;0.607;0.22;0.244
549.5;0.641;0.351;0.351
550;0.823;0.562;0.57
550.5;1.008;0.686;0.672
551;1.189;0.748;0.706
551.5;1.306;0.735;0.704
552;1.274;0.601;0.689
552.5;1.272;0.635;0.712
553;1.234;0.584;0.637
553.5;1.058;0.433;0.437
554;0.857;0.334;0.38
554.5;0.555;0.171;0.198
555;0.35;0.042;0.099
555.5;0.283;-0.02;-0.014
556;0.301;0.039;-0.028
556.5;0.301;0.069;-0.083
557;0.289;0.079;-0.102
557.5;0.436;0.259;0.092
558;0.565;0.427;0.249
558.5;0.558;0.454;0.292
559;0.501;0.425;0.356
559.5;0.424;0.303;0.343
560;0.448;0.245;0.328
560.5;0.392;0.075;0.145
561;0.369;-0.005;0.031
561.5;0.314;-0.094;-0.163
562;0.38;-0.048;-0.222
562.5;0.564;0.137;-0.117
563;0.771;0.387;0.052
563.5;1.041;0.706;0.318
564;1.298;0.987;0.557
564.5;1.43;1.107;0.74
565;1.496;1.135;0.776
565.5;1.387;0.978;0.666
566;1.325;0.83;0.645
566.5;1.271;0.792;0.633
567;1.194;0.724;0.689
567.5;1.036;0.581;0.578
568;0.99;0.571;0.496
568.5;1.059;0.678;0.527
569;1.144;0.763;0.502
569.5;1.11;0.784;0.458
570;1.047;0.802;0.381
570.5;0.973;0.787;0.396
571;0.89;0.699;0.345
571.5;0.897;0.687;0.376
572;0.814;0.557;0.35
572.5;0.609;0.363;0.147
573;0.429;0.148;-0.111
573.5;0.328;0.024;-0.289
574;0.298;0.042;-0.368
574.5;0.371;0.202;-0.331
575;0.498;0.436;-0.109
575.5;0.638;0.652;0.179
576;0.739;0.756;0.396
576.5;0.922;0.851;0.679
577;1.064;0.875;0.832
577.5;1.069;0.827;0.815
578;0.888;0.532;0.591
578.5;0.68;0.286;0.369
579;0.587;0.197;0.192
579.5;0.641;0.301;0.155
580;0.722;0.417;0.227
580.5;0.84;0.62;0.334
581;0.905;0.737;0.444
581.5;1.065;0.841;0.567
582;1.282;0.997;0.731
582.5;1.287;1.034;0.741
583;1.167;0.886;0.633
583.5;0.912;0.628;0.494
584;0.722;0.466;0.343
584.5;0.566;0.323;0.236
585;0.491;0.294;0.142
585.5;0.556;0.343;0.106
586;0.672;0.388;0.132
586.5;0.874;0.514;0.221
587;1.071;0.679;0.396
587.5;1.072;0.771;0.55
588;1.019;0.667;0.598
588.5;0.686;0.366;0.506
589;0.382;0.181;0.386
589.5;0.082;-0.077;0.162
590;-0.104;-0.2;-0.081
590.5;-0.102;-0.213;-0.145
591;0.033;-0.125;-0.13
591.5;0.186;-0.006;-0.066
592;0.315;0.077;-0.06
592.5;0.454;0.204;0.055
593;0.583;0.181;0.062
593.5;0.569;0.071;0.037
594;0.629;0.086;0.116
594.5;0.646;0.051;0.086
595;0.572;-0.053;-0.008
595.5;0.465;-0.118;-0.147
596;0.303;-0.238;-0.312
596.5;0.109;-0.427;-0.443
597;-0.007;-0.44;-0.466
597.5;-0.007;-0.399;-0.369
598;0.019;-0.303;-0.257
598.5;0.08;-0.181;-0.066
599;0.289;0.023;0.279
599.5;0.499;0.17;0.495
600;0.684;0.287;0.676
600.5;0.751;0.311;0.582
601;0.719;0.239;0.386
601.5;0.604;0.07;0.231
602;0.494;0.029;0.119
602.5;0.432;-0.07;-0.058
603;0.34;-0.123;-0.233
603.5;0.315;-0.128;-0.355
604;0.425;-0.004;-0.264
604.5;0.587;0.112;-0.211
605;0.661;0.131;-0.233
605.5;0.548;0.059;-0.437
606;0.454;-0.001;-0.527
606.5;0.396;-0.08;-0.461
607;0.498;0.071;-0.228
607.5;0.644;0.254;-0.011
608;0.784;0.459;0.257
608.5;0.924;0.625;0.517
609;1.047;0.828;0.737
609.5;1.088;0.828;0.853
610;0.955;0.725;0.67
610.5;0.8;0.612;0.414
611;0.755;0.601;0.386
611.5;0.74;0.509;0.359
612;0.699;0.477;0.373
612.5;0.681;0.505;0.452
613;0.736;0.564;0.589
613.5;0.713;0.417;0.545
614;0.623;0.348;0.391
614.5;0.573;0.216;0.227
615;0.471;0.156;-0.03
615.5;0.428;0.153;-0.151
616;0.36;0.143;-0.156
616.5;0.335;0.099;-0.168
617;0.235;0.106;-0.092
617.5;0.378;0.238;0.209
618;0.652;0.485;0.581
618.5;0.806;0.565;0.795
619;0.85;0.651;0.828
619.5;0.852;0.634;0.759
620;0.76;0.543;0.529
620.5;0.701;0.46;0.323
621;0.636;0.418;0.051
621.5;0.542;0.346;-0.157
622;0.371;0.27;-0.297
622.5;0.415;0.271;-0.344
623;0.416;0.254;-0.264
623.5;0.391;0.242;-0.132
624;0.329;0.153;-0.047
624.5;0.458;0.264;0.14
625;0.746;0.46;0.306
625.5;1.046;0.692;0.542
626;1.303;0.993;0.739
626.5;1.448;1.162;0.995
627;1.44;1.156;1.102
627.5;1.274;1.006;0.953
628;1.005;0.774;0.82
628.5;0.778;0.603;0.68
629;0.586;0.428;0.52
629.5;0.425;0.279;0.327
630;0.395;0.187;0.163
630.5;0.304;0.028;0.001
631;0.278;0.019;-0.125
631.5;0.502;0.216;0.176
632;0.778;0.428;0.395
632.5;0.876;0.606;0.504
633;0.929;0.744;0.634
633.5;0.997;0.877;0.708
634;1.036;0.925;0.726
634.5;0.887;0.836;0.637
635;0.677;0.613;0.423
635.5;0.249;0.183;0.068
636;-0.232;-0.33;-0.338
636.5;-0.505;-0.576;-0.462
637;-0.52;-0.571;-0.521
637.5;-0.574;-0.568;-0.498
638;-0.547;-0.494;-0.421
638.5;-0.384;-0.415;-0.275
639;-0.086;-0.187;-0.032
639.5;0.197;0.012;0.159
640;0.448;0.175;0.301
640.5;0.515;0.217;0.299
641;0.636;0.202;0.266
641.5;0.635;0.321;0.273
642;0.599;0.502;0.274
642.5;0.469;0.561;0.254
643;0.341;0.639;0.207
643.5;0.287;0.639;0.227
644;0.332;0.597;0.243
644.5;0.315;0.434;0.123
645;0.375;0.22;0.037
645.5;0.531;0.106;-0.04
646;0.658;-0.036;-0.116
646.5;0.46;-0.274;-0.2
647;0.132;-0.502;-0.384
647.5;-0.096;-0.612;-0.495
648;-0.158;-0.452;-0.431
648.5;-0.084;-0.163;-0.275
649;0.181;0.164;0.067
649.5;0.428;0.497;0.368
650;0.859;0.877;0.696
650.5;1.216;1.229;1.08
651;1.274;1.417;1.28
651.5;1.175;1.308;1.3
652;1.014;1.131;1.067
652.5;0.869;0.948;0.902
653;0.664;0.843;0.687
653.5;0.523;0.604;0.378
654;0.481;0.495;0.229
654.5;0.488;0.456;0.142
655;0.661;0.475;0.16
655.5;0.673;0.416;0.218
656;0.599;0.375;0.208
656.5;0.624;0.377;0.279
657;0.632;0.39;0.269
657.5;0.566;0.349;0.239
658;0.427;0.256;0.081
658.5;0.396;0.162;0.058
659;0.378;0.168;0.118
659.5;0.394;0.159;0.171
660;0.394;0.044;0.151
660.5;0.276;-0.139;0.002
661;0.184;-0.332;-0.048
661.5;0.012;-0.569;-0.197
662;-0.099;-0.647;-0.354
662.5;-0.047;-0.575;-0.35
663;0.046;-0.355;-0.211
663.5;0.156;-0.035;0.095
664;0.284;0.175;0.248
664.5;0.358;0.392;0.348
665;0.286;0.352;0.235
665.5;0.157;0.251;0.096
666;0.053;0.066;-0.011
666.5;-0.028;-0.212;-0.329
667;0.028;-0.329;-0.507
667.5;0.157;-0.267;-0.515
668;0.375;-0.091;-0.379
668.5;0.63;0.162;-0.091
669;0.885;0.402;0.134
669.5;1.002;0.62;0.385
670;0.985;0.652;0.469
670.5;0.947;0.631;0.599
671;0.883;0.508;0.639
671.5;0.791;0.389;0.416
672;0.632;0.175;0.143
672.5;0.3;-0.128;-0.198
673;0.069;-0.323;-0.456
673.5;-0.108;-0.473;-0.585
674;-0.297;-0.633;-0.806
674.5;-0.537;-0.772;-0.967
675;-0.532;-0.722;-1.019
675.5;-0.347;-0.569;-0.889
676;-0.219;-0.419;-0.826
676.5;-0.064;-0.182;-0.85
677;0.151;-0.008;-0.69
677.5;0.377;0.142;-0.544
678;0.666;0.462;-0.264
678.5;0.912;0.642;-0.026
679;1.007;0.627;0.01
679.5;0.863;0.471;-0.007
680;0.782;0.321;-0.042
680.5;0.552;0.165;-0.138
681;0.163;-0.124;-0.282
681.5;-0.03;-0.296;-0.36
682;-0.107;-0.351;-0.306
682.5;0.089;-0.237;-0.203
683;0.353;0.119;0.123
683.5;0.662;0.416;0.373
684;0.828;0.544;0.562
684.5;0.831;0.665;0.653
685;0.687;0.636;0.606
685.5;0.422;0.453;0.423
686;0.031;0.152;0.162
686.5;-0.183;-0.111;-0.168
687;-0.353;-0.338;-0.551
687.5;-0.35;-0.373;-0.785
688;-0.445;-0.527;-0.913
688.5;-0.218;-0.537;-0.862
689;0.06;-0.396;-0.565
689.5;0.475;0.114;-0.143
690;0.809;0.472;0.177
690.5;1.071;0.62;0.468
691;1.022;0.679;0.53
691.5;0.958;0.638;0.383
692;0.765;0.526;0.109
692.5;0.542;0.453;-0.1
693;0.208;0.107;-0.37
693.5;0.018;-0.195;-0.603
694;-0.13;-0.358;-0.819
694.5;-0.336;-0.421;-0.913
695;-0.468;-0.528;-0.954
695.5;-0.659;-0.703;-0.945
696;-0.728;-0.7;-0.744
696.5;-0.651;-0.592;-0.47
697;-0.524;-0.414;-0.207
697.5;-0.191;-0.144;0.107
698;0.044;0.038;0.298
698.5;0.115;0.062;0.202
699;0.094;0.086;0.123
699.5;0.019;0.126;0.192
700;0.111;0.265;0.263
700.5;0.226;0.353;0.352
701;0.546;0.578;0.672
701.5;1.015;0.913;0.989
702;1.385;1.083;1.065
702.5;1.782;1.297;1.233
703;1.884;1.393;1.288
703.5;1.769;1.447;1.225
704;1.486;1.39;1.256
704.5;1.109;1.156;1.151
705;0.657;0.816;0.851
705.5;0.044;0.215;0.397
706;-0.454;-0.335;0.039
706.5;-0.686;-0.752;-0.337
707;-0.783;-0.997;-0.751
707.5;-0.567;-1.001;-0.891
708;-0.267;-0.762;-0.826
708.5;0.166;-0.323;-0.588
709;0.517;0.045;-0.333
709.5;0.539;0.171;-0.242
710;0.327;0.03;-0.347
710.5;-0.198;-0.367;-0.74
711;-0.674;-0.799;-1.001
711.5;-1.084;-1.194;-1.284
712;-1.314;-1.475;-1.5
712.5;-1.16;-1.482;-1.404
713;-0.91;-1.198;-1.123
713.5;-0.408;-0.85;-0.698
714;0.141;-0.357;-0.273
714.5;0.715;0.166;0.188
715;1.147;0.506;0.378
715.5;1.396;0.874;0.481
716;1.559;1.063;0.523
716.5;1.516;1.045;0.529
717;1.285;0.879;0.518
717.5;1.1;0.825;0.618
718;0.799;0.671;0.638
718.5;0.561;0.426;0.606
719;0.543;0.412;0.675
719.5;0.559;0.32;0.62
720;0.479;0.125;0.407
720.5;0.335;-0.043;0.152
721;0.182;-0.302;-0.147
721.5;0.167;-0.392;-0.27
722;0.097;-0.387;-0.298
722.5;0.165;-0.194;-0.243
723;0.301;0.042;-0.249
723.5;0.355;0.213;-0.31
724;0.545;0.445;-0.263
724.5;0.623;0.595;-0.458
725;0.554;0.537;-0.657
725.5;0.392;0.371;-0.92
726;0.198;0.048;-1.058
726.5;0.193;-0.111;-1.005
727;0.054;-0.258;-0.722
727.5;0.028;-0.311;-0.39
728;0.078;-0.274;-0.088
728.5;0.148;-0.226;0.192
729;0.248;-0.094;0.344
729.5;0.374;0.141;0.34
730;0.347;0.19;0.224
730.5;0.269;0.173;-0.046
731;0.188;-0.009;-0.282
731.5;0.002;-0.262;-0.54
732;-0.403;-0.569;-0.705
732.5;-0.757;-0.911;-0.91
733;-0.875;-1.09;-1.053
733.5;-0.851;-1.076;-1.135
734;-0.86;-1.06;-1.239
734.5;-0.961;-1.121;-1.471
735;-1.135;-1.292;-1.654
735.5;-1.193;-1.365;-1.736
736;-1.243;-1.353;-1.647
736.5;-1.276;-1.378;-1.497
737;-1.344;-1.396;-1.373
737.5;-1.402;-1.457;-1.335
738;-1.221;-1.476;-1.349
738.5;-1.068;-1.42;-1.33
739;-0.99;-1.488;-1.449
739.5;-0.993;-1.583;-1.678
740;-0.83;-1.589;-1.592
740.5;-0.585;-1.469;-1.372
741;-0.451;-1.32;-1.197
741.5;-0.324;-1.095;-0.886
742;-0.34;-0.89;-0.683
742.5;-0.247;-0.6;-0.397
743;-0.095;-0.214;-0.182
743.5;0.137;0.184;0.164
744;0.394;0.467;0.286
744.5;0.625;0.797;0.509
745;0.846;0.966;0.864
745.5;0.784;0.838;0.949
746;0.806;0.81;1.007
746.5;0.653;0.72;1.076
747;0.615;0.709;1.093
747.5;0.683;0.597;1.053
748;0.742;0.572;0.947
748.5;0.867;0.652;1.05
749;0.852;0.606;0.99
749.5;0.687;0.571;0.912
750;0.331;0.309;0.655
750.5;-0.187;-0.081;0.19
751;-0.521;-0.352;-0.174
751.5;-0.874;-0.701;-0.732
752;-1.013;-0.986;-1.111
752.5;-1.105;-1.487;-1.557
753;-1.046;-1.712;-1.825
753.5;-0.924;-1.691;-1.782
754;-0.676;-1.567;-1.619
754.5;-0.527;-1.314;-1.368
755;-0.522;-1.153;-1.266
755.5;-0.516;-1.086;-1.268
756;-0.599;-1.103;-1.396
756.5;-0.753;-1.221;-1.628
757;-0.922;-1.384;-1.824
757.5;-1.022;-1.409;-1.918
758;-0.97;-1.263;-1.75
758.5;-0.836;-1.054;-1.496
759;-0.56;-0.766;-1.008
759.5;-0.41;-0.622;-0.673
760;-0.318;-0.551;-0.505
760.5;-0.216;-0.489;-0.396
761;-0.238;-0.593;-0.517
761.5;-0.371;-0.857;-0.789
762;-0.377;-1.002;-0.983
762.5;-0.353;-0.91;-0.961
763;-0.227;-0.726;-0.772
763.5;-0.19;-0.608;-0.639
764;-0.036;-0.408;-0.257
764.5;0.116;-0.227;-0.104
765;0.333;0.105;0.159
765.5;0.439;0.419;0.368
766;0.349;0.432;0.266
766.5;0.16;0.227;-0.008
767;0.108;0.09;-0.303
767.5;0.033;-0.073;-0.579
768;-0.213;-0.343;-0.841
768.5;-0.536;-0.722;-0.981
769;-0.634;-0.812;-0.932
769.5;-0.601;-0.646;-0.832
770;-0.21;-0.085;-0.264
770.5;0.084;0.402;0.238
771;0.216;0.605;0.406
771.5;0.275;0.804;0.436
772;0.328;0.819;0.251
772.5;0.125;0.596;0.028
773;-0.211;0.104;-0.397
773.5;-0.552;-0.472;-0.813
774;-0.709;-0.801;-1.142
774.5;-0.665;-0.933;-1.311
775;-0.427;-0.711;-1.087
775.5;-0.153;-0.528;-0.957
776;0.153;-0.393;-0.77
776.5;0.368;-0.192;-0.508
777;0.364;-0.206;-0.49
777.5;0.261;-0.252;-0.529
778;0.171;-0.323;-0.778
778.5;0.051;-0.495;-0.925
779;-0.099;-0.693;-1.165
779.5;-0.274;-0.815;-1.419
780;-0.394;-0.657;-1.487
780.5;-0.294;-0.572;-1.543
781;0.267;-0.34;-1.072
781.5;0.644;-0.144;-0.696
782;0.802;0.015;-0.713
782.5;1.115;0.345;-0.625
783;1.272;0.712;-0.499
783.5;1.539;0.916;-0.099
784;1.402;0.91;0.021
784.5;0.957;0.646;-0.189
785;0.617;0.498;-0.31
785.5;0.365;0.197;-0.437
786;0.189;-0.112;-0.462
786.5;-0.308;-0.596;-0.938
787;-0.761;-0.973;-1.624
787.5;-1.175;-1.346;-2.222
788;-1.491;-1.768;-2.631
788.5;-1.361;-1.981;-2.682
789;-1.478;-2.306;-2.694
789.5;-1.455;-2.478;-2.723
790;-1.289;-2.292;-2.383
790.5;-0.982;-1.997;-1.978
791;-0.683;-1.667;-1.614
791.5;-0.595;-1.249;-1.284
792;-0.688;-0.9;-1.086
792.5;-0.877;-0.813;-1.089
793;-1.111;-0.887;-1.341
793.5;-1.088;-0.905;-1.46
794;-0.999;-1.035;-1.543
794.5;-0.798;-0.912;-1.568
795;-0.814;-1.02;-1.638
795.5;-0.65;-1.178;-1.912
796;-0.51;-1.367;-2.106
796.5;-0.807;-1.633;-2.343
797;-1.136;-1.914;-2.644
797.5;-1.258;-2.107;-2.823
798;-1.324;-2.214;-2.916
798.5;-1.291;-2.251;-2.886
799;-0.953;-2.107;-2.647
799.5;-0.62;-1.722;-2.265
800;-0.381;-1.459;-1.856
800.5;0.106;-1.019;-1.461
801;0.109;-0.801;-1.325
801.5;0.039;-0.648;-1.224
802;-0.071;-0.452;-1.382
802.5;-0.132;-0.268;-1.356
803;-0.166;-0.111;-1.374
803.5;-0.426;-0.116;-1.606
804;-0.703;-0.491;-1.939
804.5;-0.943;-0.905;-2.385
805;-1.2;-1.363;-2.531
805.5;-1.219;-1.645;-2.577
806;-1.493;-1.992;-2.702
806.5;-1.524;-2.35;-2.892
807;-1.614;-2.431;-3.079
807.5;-1.411;-2.297;-2.919
808;-1.378;-2.057;-2.76
808.5;-1.389;-1.796;-2.571
809;-1.609;-1.915;-2.487
809.5;-1.789;-1.798;-2.284
810;-1.89;-1.683;-1.91
810.5;-1.669;-1.272;-1.397
811;-1.593;-1.163;-1.173
811.5;-1.325;-1.05;-1.148
812;-0.86;-0.728;-0.794
812.5;-0.333;-0.7;-0.639
813;0.071;-0.492;-0.334
813.5;0.485;-0.199;-0.19
814;0.864;-0.113;0.01
814.5;0.986;0.197;0.206
815;0.983;0.226;0.162
815.5;1.145;0.324;0.263
816;1.182;0.302;0.146
816.5;1.191;0.399;0.114
817;0.944;0.326;0.019
817.5;0.642;-0.058;-0.169
818;0.511;-0.126;-0.108
818.5;0.259;-0.281;-0.337
819;0.16;-0.476;-0.353
819.5;-0.101;-0.559;-0.308
820;-0.342;-0.952;-0.714
820.5;-0.586;-1.544;-1.242
821;-0.792;-1.96;-1.68
821.5;-0.998;-2.152;-1.826
822;-1.077;-2.126;-1.7
822.5;-0.843;-1.798;-1.28
823;-0.492;-1.297;-0.703
823.5;-0.102;-0.688;-0.117
824;0.29;-0.184;0.409
824.5;0.346;0.101;0.649
825;0.133;-0.052;0.218
825.5;-0.269;-0.593;-0.345
826;-0.576;-1.091;-0.838
826.5;-0.873;-1.404;-1.131
827;-1.125;-1.587;-1.306
827.5;-1.462;-1.619;-1.379
828;-1.85;-1.699;-1.34
828.5;-2.04;-1.563;-1.17
829;-1.978;-1.433;-1.058
829.5;-1.784;-1.082;-0.814
830;-1.243;-0.609;-0.41
830.5;-0.59;-0.12;0.086
831;-0.049;0.128;0.325
831.5;0.247;0.123;0.316
832;0.339;0.046;0.274
832.5;0.148;-0.17;0.069
833;-0.175;-0.435;-0.094
833.5;-0.244;-0.367;-0.043
834;-0.117;-0.245;-0.01
834.5;0.284;0.151;0.306
835;0.689;0.592;0.759
835.5;1.003;0.847;1.094
836;1.048;0.946;1.198
836.5;0.989;0.732;0.977
837;0.893;0.609;0.798
837.5;0.811;0.399;0.441
838;0.588;0.14;0.226
838.5;0.288;-0.079;0.083
839;0.095;-0.314;-0.019
839.5;0.024;-0.527;0.032
840;0.017;-0.518;0.135
840.5;0.064;-0.435;0.255
841;-0.183;-0.273;0.202
841.5;-0.186;-0.164;0.078
842;-0.07;0.075;0.097
842.5;0.27;0.429;0.36
843;0.209;0.538;0.37
843.5;0.057;0.426;0.131
844;-0.114;0.241;-0.087
844.5;-0.371;-0.315;-0.671
845;-0.46;-0.759;-1.092
845.5;-0.811;-1.139;-1.354
846;-1.166;-1.386;-1.815
846.5;-1.281;-1.489;-1.963
847;-1.222;-1.481;-1.593
847.5;-0.983;-1.252;-0.981
848;-0.624;-1.042;-0.436
848.5;-0.224;-0.618;0.014
849;0.333;-0.14;0.372
849.5;0.85;0.171;0.468
850;1.288;0.584;0.548
