Longitud de onda,M1,M2
190,625.28,605.88
190.5,632.686,608.419
191,639.37,614.109
191.5,643.947,617.084
192,647.375,614.874
192.5,650.072,610.697
193,652.407,609.468
193.5,654.349,610.548
194,656.326,614.551
194.5,657.99,616.844
195,660.093,620.206
195.5,661.85,611.61
196,662.971,603.98
196.5,663.331,598.68
197,662.694,593.724
197.5,661.112,583.515
198,658.967,575.269
198.5,657.16,562.469
199,656.067,554.282
199.5,655.401,544.974
200,656.646,531.08
200.5,659.755,516.742
201,664.308,507.177
201.5,669.936,499.616
202,676.33,490.333
202.5,682.814,480.616
203,690.676,467.563
203.5,695.862,455.626
204,700.272,444.208
204.5,699.607,431.776
205,699.48,422.052
205.5,692.797,414.472
206,686.939,407.485
206.5,673.662,398.815
207,665.623,388.69
207.5,654.694,377.754
208,640.865,366.215
208.5,624.146,355.595
209,609.655,345.451
209.5,594.631,336.254
210,581.901,326.851
210.5,567.535,318.041
211,558.092,310.677
211.5,544.175,302.302
212,539.237,294.335
212.5,529.682,287.364
213,518.221,281.166
213.5,507.927,276.163
214,499.786,271.586
214.5,488.675,266.797
215,480.565,261.181
215.5,473.051,255.866
216,466.674,251.299
216.5,460.44,246.804
217,455.621,242.917
217.5,450.14,238.862
218,441.802,235.408
218.5,435.246,231.825
219,426.447,228.106
219.5,418.251,223.918
220,410.804,219.844
220.5,404.01,215.531
221,399.327,211.55
221.5,394.608,207.729
222,388.983,204.317
222.5,382.438,201.071
223,375.97,197.914
223.5,369.616,194.804
224,363.538,191.31
224.5,357.145,187.684
225,351.038,184.018
225.5,344.557,179.947
226,338.237,175.623
226.5,330.967,171.294
227,323.571,166.95
227.5,316.389,163.094
228,309.797,159.368
228.5,303.709,156.072
229,298.72,153.17
229.5,293.779,150.705
230,289.353,148.264
230.5,284.632,145.712
231,279.367,142.821
231.5,273.491,139.633
232,267.389,136.16
232.5,261.145,132.575
233,255.153,129.191
233.5,249.314,126
234,243.601,122.936
234.5,238.467,119.992
235,233.809,117.516
235.5,229.635,115.205
236,225.624,113.141
236.5,221.887,111.254
237,218.482,109.396
237.5,215.222,107.661
238,212.074,106.079
238.5,209.05,104.515
239,205.931,102.901
239.5,203.091,101.254
240,200.382,99.787
240.5,197.872,98.335
241,195.389,97.012
241.5,193.352,95.809
242,191.734,94.947
242.5,190.198,94.267
243,189.076,93.787
243.5,188.128,93.38
244,187.224,92.934
244.5,186.311,92.366
245,185.265,91.651
245.5,184.002,90.847
246,182.726,90.061
246.5,181.629,89.349
247,180.634,88.892
247.5,179.805,88.597
248,179.316,88.415
248.5,178.993,88.265
249,178.851,88.103
249.5,178.583,87.862
250,178.219,87.537
250.5,177.705,87.149
251,177.166,86.672
251.5,176.524,86.205
252,175.888,85.794
252.5,175.342,85.431
253,174.842,85.057
253.5,174.508,84.829
254,174.233,84.567
254.5,174.01,84.445
255,173.916,84.368
255.5,173.829,84.229
256,173.618,83.959
256.5,173.413,83.775
257,173.18,83.531
257.5,172.826,83.217
258,172.345,82.785
258.5,171.665,82.332
259,170.893,81.884
259.5,170.199,81.57
260,169.82,81.398
260.5,169.574,81.294
261,169.447,81.308
261.5,169.493,81.38
262,169.619,81.448
262.5,169.849,81.457
263,170.021,81.37
263.5,170.132,81.278
264,170.262,81.263
264.5,170.216,81.178
265,170.038,81.005
265.5,169.691,80.876
266,169.271,80.759
266.5,168.825,80.484
267,168.393,80.193
267.5,168.17,79.948
268,167.882,79.71
268.5,167.911,79.512
269,167.834,79.371
269.5,167.492,79.259
270,167.082,79.009
270.5,166.598,78.879
271,166.219,78.716
271.5,165.762,78.388
272,165.373,78.104
272.5,164.945,77.866
273,164.546,77.667
273.5,164.268,77.355
274,163.821,77.113
274.5,163.281,76.921
275,162.852,76.617
275.5,162.337,76.492
276,161.906,76.315
276.5,161.339,76.058
277,160.851,75.953
277.5,160.289,75.84
278,159.917,75.766
278.5,159.475,75.582
279,158.993,75.371
279.5,158.475,75.12
280,157.971,74.825
280.5,157.444,74.655
281,156.873,74.37
281.5,156.193,74.234
282,155.543,74.118
282.5,154.899,73.898
283,154.242,73.61
283.5,153.507,73.264
284,152.631,72.848
284.5,151.715,72.442
285,150.746,72.038
285.5,149.776,71.699
286,148.745,71.326
286.5,147.664,71.087
287,146.672,70.811
287.5,145.76,70.53
288,144.844,70.057
288.5,143.922,69.623
289,142.975,69.13
289.5,141.867,68.625
290,140.873,68.128
290.5,139.944,67.672
291,139.02,67.223
291.5,138.058,66.956
292,137.185,66.712
292.5,136.319,66.372
293,135.34,65.906
293.5,134.099,65.393
294,132.88,64.802
294.5,131.565,64.251
295,130.501,63.734
295.5,129.469,63.272
296,128.401,62.799
296.5,127.428,62.447
297,126.475,62.12
297.5,125.608,61.79
298,124.771,61.509
298.5,123.95,61.191
299,123.291,60.931
299.5,122.61,60.658
300,121.995,60.42
300.5,121.28,60.117
301,120.587,59.821
301.5,119.956,59.458
302,119.288,59.167
302.5,118.905,58.956
303,118.548,58.854
303.5,118.281,58.789
304,117.845,58.666
304.5,117.272,58.512
305,116.658,58.375
305.5,116.083,58.185
306,115.667,58.056
306.5,115.237,57.932
307,114.826,57.81
307.5,114.437,57.689
308,114,57.617
308.5,113.508,57.498
309,112.808,57.309
309.5,112.178,57.142
310,111.595,56.985
310.5,111.056,56.806
311,110.76,56.761
311.5,110.475,56.73
312,110.258,56.659
312.5,110.159,56.671
313,110.144,56.799
313.5,110.036,56.879
314,109.821,56.906
314.5,109.674,56.87
315,109.527,56.954
315.5,109.155,56.921
316,108.818,56.913
316.5,108.513,56.798
317,108.255,56.694
317.5,107.988,56.617
318,107.706,56.53
318.5,107.278,56.482
319,106.826,56.309
319.5,106.606,56.265
320,106.512,56.4
320.5,106.426,56.53
321,106.328,56.569
321.5,106.208,56.567
322,106.089,56.448
322.5,105.764,56.272
323,105.349,56.197
323.5,104.946,56.207
324,104.528,56.155
324.5,104.372,56.284
325,104.135,56.46
325.5,104.025,56.63
326,103.74,56.699
326.5,103.441,56.644
327,103.156,56.515
327.5,102.825,56.376
328,102.467,56.315
328.5,102.205,56.184
329,101.854,56.099
329.5,101.763,56.081
330,101.404,56.092
330.5,101.254,56.09
331,101.05,56.076
331.5,100.771,55.912
332,100.468,55.806
332.5,100.129,55.721
333,99.676,55.644
333.5,99.26,55.44
334,98.768,55.332
334.5,98.43,55.196
335,97.831,55.032
335.5,97.493,54.759
336,97.138,54.467
336.5,96.618,54.26
337,96.306,54.137
337.5,96,54.153
338,95.704,54.056
338.5,95.516,54.036
339,95.127,54.013
339.5,94.794,53.924
340,94.495,53.794
340.5,94.152,53.462
341,93.67,53.209
341.5,93.196,53.045
342,92.888,52.775
342.5,92.602,52.582
343,92.304,52.409
343.5,92.084,52.404
344,91.706,52.287
344.5,91.406,52.243
345,91.281,52.165
345.5,90.964,52.048
346,90.604,51.898
346.5,90.236,51.694
347,89.869,51.394
347.5,89.555,51.159
348,89.17,50.922
348.5,88.851,50.723
349,88.511,50.518
349.5,88.226,50.413
350,87.82,50.172
350.5,87.409,50.054
351,87.107,49.87
351.5,86.741,49.662
352,86.451,49.533
352.5,86.16,49.373
353,85.783,49.204
353.5,85.456,49.033
354,85.206,48.857
354.5,84.989,48.738
355,84.63,48.484
355.5,84.341,48.411
356,84.172,48.372
356.5,83.994,48.244
357,83.816,48.153
357.5,83.603,48.04
358,83.238,47.813
358.5,82.894,47.612
359,82.6,47.408
359.5,82.393,47.264
360,82.014,47.051
360.5,81.58,46.877
361,81.196,46.726
361.5,80.798,46.419
362,80.457,46.179
362.5,80.18,45.973
363,79.926,45.742
363.5,79.735,45.584
364,79.555,45.425
364.5,79.46,45.353
365,79.29,45.262
365.5,79.163,45.108
366,79.001,44.971
366.5,78.768,44.749
367,78.566,44.519
367.5,78.33,44.389
368,78.086,44.227
368.5,77.865,44.036
369,77.607,43.941
369.5,77.246,43.812
370,76.934,43.619
370.5,76.698,43.4
371,76.471,43.227
371.5,76.172,42.894
372,75.827,42.496
372.5,75.407,42.092
373,75.103,41.661
373.5,74.871,41.27
374,74.521,40.928
374.5,74.169,40.701
375,73.896,40.511
375.5,73.716,40.317
376,73.442,40.144
376.5,73.144,39.913
377,72.791,39.593
377.5,72.467,39.258
378,72.157,38.948
378.5,71.931,38.646
379,71.751,38.373
379.5,71.609,38.226
380,71.381,38.034
380.5,71.128,37.652
381,70.798,37.354
381.5,70.524,37.046
382,70.211,36.652
382.5,69.834,36.267
383,69.382,35.821
383.5,69.029,35.386
384,68.782,35.027
384.5,68.459,34.693
385,68.059,34.352
385.5,67.737,33.944
386,67.52,33.736
386.5,67.209,33.483
387,66.897,33.156
387.5,66.395,32.737
388,65.809,32.235
388.5,65.386,31.851
389,65.033,31.539
389.5,64.804,31.297
390,64.498,30.982
390.5,64.259,30.655
391,64.039,30.405
391.5,63.747,30.05
392,63.41,29.653
392.5,62.945,29.239
393,62.468,28.763
393.5,62.06,28.345
394,61.677,27.99
394.5,61.283,27.614
395,60.862,27.169
395.5,60.448,26.702
396,60.034,26.349
396.5,59.747,26.045
397,59.435,25.744
397.5,59.045,25.428
398,58.792,25.095
398.5,58.561,24.772
399,58.392,24.533
399.5,58.262,24.293
400,58.115,24
400.5,57.848,23.617
401,57.542,23.283
401.5,57.241,22.936
402,56.87,22.574
402.5,56.432,22.199
403,56.05,21.793
403.5,55.742,21.491
404,55.504,21.264
404.5,55.343,21.048
405,55.12,20.795
405.5,54.731,20.442
406,54.377,20.144
406.5,54.005,19.826
407,53.692,19.564
407.5,53.366,19.324
408,52.969,19.05
408.5,52.71,18.838
409,52.47,18.604
409.5,52.275,18.365
410,52.054,18.112
410.5,51.764,17.774
411,51.465,17.453
411.5,51.244,17.173
412,51.054,17.014
412.5,50.851,16.868
413,50.605,16.651
413.5,50.427,16.486
414,50.214,16.353
414.5,50.033,16.196
415,49.749,15.982
415.5,49.379,15.655
416,49.051,15.34
416.5,48.811,15.144
417,48.53,14.999
417.5,48.291,14.763
418,48.109,14.543
418.5,47.936,14.43
419,47.794,14.364
419.5,47.656,14.276
420,47.45,14.154
420.5,47.125,13.919
421,46.849,13.661
421.5,46.603,13.443
422,46.325,13.233
422.5,46.118,13.009
423,45.938,12.817
423.5,45.669,12.613
424,45.41,12.412
424.5,45.218,12.278
425,44.997,12.146
425.5,44.674,11.958
426,44.421,11.78
426.5,44.253,11.656
427,44.113,11.586
427.5,43.983,11.482
428,43.86,11.346
428.5,43.562,11.118
429,43.248,10.887
429.5,43.026,10.696
430,42.775,10.571
430.5,42.59,10.429
431,42.467,10.28
431.5,42.36,10.146
432,42.303,10.053
432.5,42.178,9.958
433,42.053,9.905
433.5,41.771,9.8
434,41.584,9.695
434.5,41.455,9.697
435,41.296,9.713
435.5,41.188,9.63
436,40.957,9.431
436.5,40.761,9.304
437,40.531,9.083
437.5,40.241,8.902
438,40.024,8.777
438.5,39.771,8.592
439,39.635,8.446
439.5,39.478,8.425
440,39.305,8.419
440.5,39.145,8.35
441,38.957,8.206
441.5,38.866,8.189
442,38.767,8.157
442.5,38.729,8.154
443,38.716,8.186
443.5,38.664,8.14
444,38.566,8.025
444.5,38.457,7.978
445,38.289,7.943
445.5,38.033,7.786
446,37.818,7.628
446.5,37.625,7.541
447,37.445,7.521
447.5,37.39,7.517
448,37.263,7.55
448.5,37.188,7.583
449,37.213,7.626
449.5,37.187,7.672
450,37.018,7.639
450.5,36.81,7.502
451,36.61,7.371
451.5,36.363,7.231
452,36.084,7.092
452.5,35.906,6.987
453,35.635,6.835
453.5,35.443,6.7
454,35.379,6.688
454.5,35.219,6.621
455,35.11,6.551
455.5,35.102,6.586
456,34.985,6.523
456.5,34.865,6.494
457,34.775,6.484
457.5,34.699,6.456
458,34.578,6.378
458.5,34.485,6.327
459,34.48,6.349
459.5,34.428,6.324
460,34.408,6.282
460.5,34.37,6.222
461,34.18,6.018
461.5,33.985,5.816
462,33.807,5.676
462.5,33.642,5.57
463,33.48,5.501
463.5,33.377,5.464
464,33.387,5.46
464.5,33.346,5.458
465,33.337,5.468
465.5,33.331,5.486
466,33.162,5.385
466.5,32.983,5.325
467,32.851,5.351
467.5,32.735,5.384
468,32.626,5.432
468.5,32.504,5.395
469,32.547,5.403
469.5,32.463,5.408
470,32.42,5.412
470.5,32.382,5.408
471,32.31,5.36
471.5,32.296,5.4
472,32.275,5.438
472.5,32.214,5.402
473,32.14,5.32
473.5,32.006,5.137
474,31.897,4.973
474.5,31.704,4.77
475,31.584,4.632
475.5,31.604,4.578
476,31.613,4.583
476.5,31.615,4.657
477,31.49,4.677
477.5,31.469,4.764
478,31.413,4.815
478.5,31.288,4.868
479,31.146,4.877
479.5,31.081,4.951
480,31.125,5.121
480.5,31.247,5.299
481,31.275,5.419
481.5,31.121,5.416
482,30.862,5.278
482.5,30.608,5.093
483,30.274,4.836
483.5,29.96,4.525
484,29.773,4.27
484.5,29.689,4.121
485,29.731,4.079
485.5,29.831,4.124
486,29.887,4.197
486.5,29.831,4.221
487,29.703,4.148
487.5,29.507,4.016
488,29.369,3.917
488.5,29.322,3.866
489,29.428,3.989
489.5,29.547,4.214
490,29.625,4.426
490.5,29.657,4.622
491,29.635,4.701
491.5,29.56,4.672
492,29.472,4.515
492.5,29.274,4.263
493,29.188,4.087
493.5,29.211,4.064
494,29.304,4.198
494.5,29.343,4.301
495,29.321,4.308
495.5,29.259,4.247
496,29.16,4.096
496.5,29.005,3.905
497,28.812,3.726
497.5,28.67,3.6
498,28.64,3.603
498.5,28.707,3.796
499,28.751,3.978
499.5,28.772,4.049
500,28.823,4.065
500.5,28.802,4.02
501,28.703,3.918
501.5,28.479,3.872
502,28.222,3.749
502.5,28.21,3.819
503,28.169,3.838
503.5,28.11,3.891
504,28.151,3.946
504.5,28.265,4.035
505,28.308,4.082
505.5,28.339,4.038
506,28.25,3.981
506.5,28.029,3.913
507,27.849,3.775
507.5,27.691,3.678
508,27.505,3.47
508.5,27.301,3.314
509,27.316,3.315
509.5,27.45,3.474
510,27.476,3.566
510.5,27.591,3.618
511,27.709,3.811
511.5,27.797,3.964
512,27.871,4.028
512.5,27.909,3.996
513,27.823,3.88
513.5,27.615,3.758
514,27.545,3.789
514.5,27.468,3.831
515,27.378,3.861
515.5,27.421,3.922
516,27.416,3.984
516.5,27.461,4.001
517,27.608,4.002
517.5,27.739,4.054
518,27.704,4.01
518.5,27.553,3.963
519,27.518,4.048
519.5,27.428,4.108
520,27.442,4.121
520.5,27.395,4.048
521,27.18,3.814
521.5,27.055,3.566
522,26.964,3.385
522.5,26.722,3.254
523,26.453,3.071
523.5,26.253,2.927
524,26.187,2.979
524.5,26.255,3.107
525,26.364,3.175
525.5,26.413,3.252
526,26.454,3.331
526.5,26.512,3.44
527,26.441,3.477
527.5,26.18,3.459
528,25.849,3.194
528.5,25.637,2.952
529,25.436,2.806
529.5,25.415,2.689
530,25.436,2.618
530.5,25.586,2.668
531,25.774,2.931
531.5,25.938,3.227
532,26.024,3.428
532.5,26.087,3.595
533,26.112,3.633
533.5,26.098,3.619
534,26.027,3.491
534.5,25.93,3.356
535,25.969,3.327
535.5,26.03,3.388
536,25.977,3.452
536.5,25.976,3.534
537,25.889,3.521
537.5,25.847,3.535
538,25.778,3.437
538.5,25.683,3.25
539,25.538,2.949
539.5,25.389,2.724
540,25.329,2.544
540.5,25.263,2.427
541,25.243,2.356
541.5,25.275,2.407
542,25.226,2.499
542.5,25.214,2.575
543,25.225,2.704
543.5,25.395,2.89
544,25.557,3.098
544.5,25.653,3.258
545,25.81,3.458
545.5,25.904,3.568
546,25.936,3.554
546.5,25.798,3.397
547,25.578,3.168
547.5,25.343,2.942
548,25.088,2.749
548.5,24.836,2.636
549,24.748,2.708
549.5,24.654,2.756
550,24.792,2.926
550.5,25.016,3.116
551,25.177,3.201
551.5,25.308,3.228
552,25.277,3.156
552.5,25.217,3.205
553,25.106,3.125
553.5,24.89,2.955
554,24.775,2.816
554.5,24.641,2.584
555,24.611,2.407
555.5,24.711,2.307
556,24.806,2.277
556.5,24.876,2.273
557,24.801,2.279
557.5,24.765,2.455
558,24.8,2.571
558.5,24.755,2.595
559,24.731,2.603
559.5,24.629,2.561
560,24.593,2.534
560.5,24.432,2.413
561,24.277,2.391
561.5,24.145,2.35
562,24.126,2.378
562.5,24.154,2.512
563,24.306,2.704
563.5,24.563,3.012
564,24.858,3.249
564.5,25.119,3.399
565,25.247,3.452
565.5,25.079,3.329
566,24.875,3.262
566.5,24.739,3.219
567,24.634,3.135
567.5,24.432,3.041
568,24.465,3.087
568.5,24.657,3.243
569,24.851,3.343
569.5,25.014,3.421
570,24.997,3.344
570.5,24.883,3.227
571,24.737,3.083
571.5,24.642,3
572,24.464,2.881
572.5,24.223,2.682
573,24.098,2.538
573.5,24.026,2.438
574,23.982,2.486
574.5,23.961,2.578
575,23.978,2.643
575.5,24.087,2.759
576,24.269,2.838
576.5,24.491,2.99
577,24.69,3.136
577.5,24.788,3.207
578,24.748,3.102
578.5,24.68,2.986
579,24.604,2.889
579.5,24.542,2.892
580,24.53,2.896
580.5,24.546,2.95
581,24.583,3.041
581.5,24.63,3.248
582,24.797,3.433
582.5,24.811,3.559
583,24.736,3.481
583.5,24.64,3.308
584,24.574,3.068
584.5,24.449,2.863
585,24.433,2.726
585.5,24.441,2.752
586,24.52,2.872
586.5,24.654,3.059
587,24.798,3.21
587.5,24.853,3.271
588,24.827,3.171
588.5,24.649,2.897
589,24.468,2.647
589.5,24.211,2.393
590,24.08,2.306
590.5,24.039,2.401
591,24.132,2.522
591.5,24.22,2.727
592,24.258,2.931
592.5,24.428,3.145
593,24.51,3.189
593.5,24.537,3.173
594,24.556,3.172
594.5,24.547,3.171
595,24.5,3.055
595.5,24.49,2.884
596,24.441,2.63
596.5,24.41,2.458
597,24.449,2.435
597.5,24.536,2.461
598,24.536,2.49
598.5,24.499,2.612
599,24.567,2.773
599.5,24.631,2.947
600,24.694,3.132
600.5,24.791,3.12
601,24.816,3.063
601.5,24.866,2.979
602,24.93,3.007
602.5,24.991,2.978
603,24.992,3
603.5,25.06,3.119
604,25.24,3.298
604.5,25.403,3.478
605,25.44,3.552
605.5,25.339,3.34
606,25.173,3.209
606.5,24.966,3.037
607,24.845,3.063
607.5,24.85,3.15
608,24.849,3.252
608.5,24.99,3.474
609,25.176,3.647
609.5,25.367,3.708
610,25.408,3.611
610.5,25.454,3.481
611,25.569,3.529
611.5,25.588,3.474
612,25.513,3.404
612.5,25.464,3.472
613,25.379,3.49
613.5,25.302,3.458
614,25.247,3.359
614.5,25.185,3.256
615,25.114,3.173
615.5,25.149,3.214
616,25.128,3.238
616.5,25.089,3.177
617,25.047,3.167
617.5,25.224,3.387
618,25.452,3.652
618.5,25.669,3.83
619,25.792,3.902
619.5,25.834,3.962
620,25.875,3.948
620.5,25.865,3.967
621,25.757,3.881
621.5,25.715,3.745
622,25.701,3.659
622.5,25.747,3.649
623,25.744,3.703
623.5,25.78,3.673
624,25.759,3.67
624.5,25.995,3.917
625,26.393,4.149
625.5,26.555,4.356
626,26.763,4.519
626.5,26.861,4.581
627,26.92,4.618
627.5,26.82,4.436
628,26.675,4.186
628.5,26.56,3.962
629,26.486,3.885
629.5,26.548,3.76
630,26.628,3.691
630.5,26.376,3.593
631,26.232,3.563
631.5,26.31,3.768
632,26.484,4.04
632.5,26.574,4.136
633,26.649,4.095
633.5,26.638,4.134
634,26.615,4.092
634.5,26.585,3.906
635,26.437,3.744
635.5,26.089,3.402
636,25.834,3.037
636.5,25.731,2.834
637,25.72,2.778
637.5,25.772,2.664
638,25.691,2.638
638.5,25.576,2.803
639,25.61,3.033
639.5,25.76,3.365
640,25.945,3.69
640.5,26.077,3.884
641,26.319,4.085
641.5,26.467,4.125
642,26.633,4.101
642.5,26.723,3.908
643,26.852,3.915
643.5,26.95,4.024
644,27.1,4.115
644.5,27.193,4.232
645,27.178,4.344
645.5,27.039,4.458
646,26.895,4.52
646.5,26.456,4.225
647,25.98,3.742
647.5,25.724,3.453
648,25.789,3.451
648.5,26.071,3.536
649,26.504,3.784
649.5,26.978,4.233
650,27.433,4.642
650.5,27.75,4.992
651,27.941,5.127
651.5,27.917,4.997
652,27.846,4.841
652.5,27.802,4.753
653,27.643,4.655
653.5,27.492,4.473
654,27.324,4.428
654.5,27.215,4.477
655,27.212,4.505
655.5,27.195,4.457
656,27.169,4.381
656.5,27.21,4.308
657,27.357,4.297
657.5,27.495,4.233
658,27.547,4.109
658.5,27.534,4.123
659,27.498,4.038
659.5,27.479,4.073
660,27.466,4.101
660.5,27.403,4.091
661,27.278,4.15
661.5,27.031,4.031
662,26.927,3.922
662.5,26.954,3.946
663,27.074,3.956
663.5,27.139,4.122
664,27.12,4.175
664.5,27.18,4.265
665,27.175,4.271
665.5,27.163,4.282
666,27.198,4.314
666.5,27.189,4.224
667,27.305,4.182
667.5,27.385,4.262
668,27.614,4.413
668.5,27.889,4.639
669,28.049,4.895
669.5,28.313,4.938
670,28.515,4.921
670.5,28.682,4.958
671,28.786,4.88
671.5,28.914,4.777
672,28.9,4.605
672.5,28.57,4.287
673,28.301,4.079
673.5,28.015,3.878
674,27.746,3.731
674.5,27.559,3.464
675,27.629,3.436
675.5,27.758,3.695
676,27.92,3.894
676.5,28.245,4.112
677,28.613,4.314
677.5,28.784,4.488
678,28.96,4.745
678.5,28.945,4.886
679,28.901,4.975
679.5,28.788,4.936
680,28.617,4.862
680.5,28.319,4.738
681,28.041,4.569
681.5,27.861,4.437
682,27.813,4.398
682.5,27.758,4.522
683,27.829,4.671
683.5,27.846,4.735
684,27.817,4.701
684.5,27.716,4.587
685,27.355,4.365
685.5,27.031,4.047
686,26.693,3.74
686.5,26.436,3.464
687,26.219,3.377
687.5,26.148,3.386
688,26.192,3.389
688.5,26.502,3.666
689,26.948,4.009
689.5,27.351,4.504
690,27.653,4.901
690.5,27.852,5.211
691,27.849,5.264
691.5,27.709,5.141
692,27.474,4.944
692.5,27.24,4.664
693,26.991,4.291
693.5,26.867,4.076
694,26.772,3.789
694.5,26.712,3.542
695,26.666,3.364
695.5,26.456,3.198
696,26.322,3.115
696.5,26.328,3.208
697,26.466,3.361
697.5,26.578,3.602
698,26.438,3.785
698.5,26.126,3.698
699,25.797,3.495
699.5,25.645,3.399
700,25.61,3.435
700.5,25.516,3.445
701,25.569,3.685
701.5,25.997,4.184
702,26.434,4.524
702.5,26.81,4.862
703,26.941,5.068
703.5,26.952,5.084
704,26.829,4.917
704.5,26.739,4.742
705,26.549,4.459
705.5,26.108,3.948
706,25.676,3.512
706.5,25.519,3.296
707,25.449,3.162
707.5,25.456,3.3
708,25.582,3.633
708.5,25.785,3.99
709,25.914,4.197
709.5,25.94,4.236
710,25.763,3.903
710.5,25.359,3.303
711,25.012,2.72
711.5,24.744,2.202
712,24.573,1.97
712.5,24.581,2.087
713,24.771,2.443
713.5,25.062,2.861
714,25.423,3.439
714.5,25.771,3.981
715,26.002,4.351
715.5,26.11,4.562
716,26.092,4.649
716.5,25.951,4.595
717,25.672,4.384
717.5,25.472,4.209
718,25.262,4.026
718.5,24.924,3.744
719,24.737,3.614
719.5,24.628,3.564
720,24.582,3.466
720.5,24.428,3.269
721,24.266,3.186
721.5,24.179,3.201
722,24.067,3.105
722.5,24.11,3.149
723,24.203,3.258
723.5,24.053,3.269
724,24.062,3.27
724.5,24.131,3.402
725,24.13,3.468
725.5,24.054,3.462
726,23.944,3.366
726.5,23.907,3.345
727,23.783,3.206
727.5,23.705,3.094
728,23.583,3.078
728.5,23.468,2.948
729,23.461,2.831
729.5,23.617,2.923
730,23.743,2.923
730.5,23.868,2.805
731,23.86,2.585
731.5,23.68,2.275
732,23.306,1.972
732.5,22.941,1.667
733,22.712,1.482
733.5,22.523,1.344
734,22.357,1.292
734.5,22.291,1.164
735,22.28,1.147
735.5,22.297,1.145
736,22.246,1.204
736.5,22.074,1.188
737,21.978,1.247
737.5,22.079,1.322
738,22.303,1.44
738.5,22.414,1.591
739,22.415,1.674
739.5,22.343,1.623
740,22.371,1.82
740.5,22.413,2.015
741,22.299,2.069
741.5,22.136,2.036
742,21.983,1.887
742.5,21.91,1.871
743,21.823,1.901
743.5,21.907,2.003
744,21.895,2.014
744.5,21.991,2.153
745,22.21,2.342
745.5,22.248,2.381
746,22.229,2.445
746.5,22.085,2.405
747,22.161,2.427
747.5,22.183,2.497
748,22.294,2.622
748.5,22.577,2.845
749,22.567,2.837
749.5,22.497,2.685
750,22.181,2.359
750.5,21.483,1.893
751,20.927,1.524
751.5,20.372,1.006
752,20.19,0.798
752.5,19.998,0.537
753,20.04,0.537
753.5,20.226,0.75
754,20.498,0.858
754.5,20.752,0.934
755,20.798,1.006
755.5,20.675,0.95
756,20.677,0.863
756.5,20.624,0.677
757,20.477,0.63
757.5,20.29,0.498
758,20.234,0.508
758.5,20.232,0.6
759,20.288,0.838
759.5,20.163,1.03
760,20,1.116
760.5,19.959,1.303
761,19.996,1.308
761.5,19.963,1.24
762,19.865,1.235
762.5,19.893,1.267
763,20.007,1.314
763.5,19.965,1.323
764,19.888,1.431
764.5,19.693,1.432
765,19.759,1.513
765.5,19.941,1.604
766,20.059,1.37
766.5,20.04,1.13
767,20.089,1.098
767.5,20.12,1.051
768,19.975,0.894
768.5,19.602,0.666
769,19.371,0.614
769.5,19.132,0.652
770,19.363,1.062
770.5,19.581,1.456
771,19.695,1.541
771.5,19.781,1.614
772,19.682,1.605
772.5,19.408,1.365
773,19.057,0.92
773.5,18.816,0.521
774,18.877,0.365
774.5,18.932,0.442
775,19.468,0.84
775.5,19.913,1.188
776,20.488,1.532
776.5,20.79,1.9
777,20.595,1.995
777.5,20.375,1.872
778,19.963,1.634
778.5,19.557,1.28
779,19.057,0.918
779.5,18.66,0.877
780,18.651,0.865
780.5,18.671,0.799
781,19.153,1.225
781.5,19.391,1.637
782,19.309,1.816
782.5,19.486,1.955
783,19.38,1.972
783.5,19.366,1.966
784,19.137,1.94
784.5,18.927,1.76
785,18.849,1.516
785.5,18.597,1.217
786,18.298,0.89
786.5,17.794,0.472
787,17.39,0.045
787.5,17.246,-0.181
788,16.99,-0.512
788.5,17.138,-0.583
789,17.306,-0.596
789.5,17.637,-0.646
790,18.071,-0.387
790.5,18.188,-0.197
791,18.248,-0.182
791.5,18.282,-0.08
792,18.113,-0.031
792.5,17.595,-0.023
793,16.831,-0.356
793.5,16.468,-0.534
794,16.33,-0.367
794.5,16.516,-0.113
795,16.625,0.076
795.5,16.792,0.06
796,17.168,0.093
796.5,17.296,-0.013
797,17.232,-0.264
797.5,17.194,-0.427
798,17.274,-0.593
798.5,17.405,-0.688
799,17.746,-0.383
799.5,18.148,-0.072
800,18.452,0.299
800.5,18.746,0.704
801,18.788,0.933
801.5,18.584,1
802,18.23,0.813
802.5,18.07,0.69
803,17.904,0.55
803.5,17.528,0.223
804,17.144,-0.134
804.5,16.781,-0.558
805,16.581,-0.784
805.5,16.515,-0.94
806,16.473,-1.11
806.5,16.307,-1.262
807,16.041,-1.366
807.5,16.241,-1.134
808,16.281,-0.924
808.5,16.41,-0.803
809,16.347,-0.933
809.5,16.492,-0.953
810,16.822,-0.937
810.5,17.352,-0.724
811,17.677,-0.651
811.5,17.768,-0.478
812,18.061,-0.054
812.5,18.442,0.289
813,18.766,0.575
813.5,19.167,0.947
814,19.317,1.323
814.5,19.395,1.559
815,19.022,1.567
815.5,18.54,1.585
816,18.056,1.362
816.5,17.585,1.314
817,17.174,1.07
817.5,16.848,0.82
818,16.946,0.788
818.5,16.949,0.728
819,17.038,0.663
819.5,17.127,0.505
820,16.941,0.305
820.5,16.734,-0.069
821,16.701,-0.319
821.5,16.53,-0.429
822,16.375,-0.478
822.5,16.403,-0.13
823,16.669,0.287
823.5,16.903,0.786
824,17.164,1.223
824.5,17.296,1.324
825,17.25,1.069
825.5,17.077,0.669
826,16.871,0.309
826.5,16.592,-0.086
827,16.389,-0.448
827.5,16.263,-0.764
828,16.138,-1.04
828.5,16.12,-1.16
829,16.12,-1.127
829.5,16.148,-1.131
830,16.475,-0.798
830.5,16.81,-0.222
831,17.057,0.158
831.5,17.266,0.313
832,17.265,0.318
832.5,17.044,0.13
833,16.626,-0.076
833.5,16.52,-0.162
834,16.509,-0.011
834.5,16.765,0.365
835,17.284,0.756
835.5,17.532,1.077
836,17.843,1.068
836.5,17.767,0.822
837,17.472,0.705
837.5,17.042,0.295
838,16.428,-0.084
838.5,15.996,-0.268
839,15.914,-0.33
839.5,16.071,-0.272
840,16.554,-0.062
840.5,17.005,0.458
841,17.514,0.556
841.5,17.679,0.598
842,17.756,0.871
842.5,18.023,0.842
843,17.857,0.8
843.5,17.668,0.72
844,17.663,0.453
844.5,17.368,0.138
845,17.359,0.092
845.5,17.384,0.101
846,17.28,-0.181
846.5,17,-0.449
847,16.799,-0.287
847.5,16.952,-0.119
848,16.843,0.063
848.5,16.896,0.196
849,16.833,0.22
849.5,16.887,0.554
850,16.775,0.708
